INSERT INTO COMP3311STU004.VIDEO (VIDEOID, TITLE, CLASSFICATION, DESCRIPTION) VALUES ('s1039 ', 'Marvel Studios'' Avengers: Age of Ultron', 'PG-13', 'Tony Stark unwittingly creates an A.I. monster bent on destroying mankind.');
INSERT INTO COMP3311STU004.VIDEO (VIDEOID, TITLE, CLASSFICATION, DESCRIPTION) VALUES ('s1040 ', 'Marvel Studios'' Avengers: Endgame', 'PG-13', 'The epic finale to the Infinity Saga, this dramatic showdown pits the Avengers against Thanos.');
INSERT INTO COMP3311STU004.VIDEO (VIDEOID, TITLE, CLASSFICATION, DESCRIPTION) VALUES ('s1041 ', 'Marvel Studios'' Captain America: Civil War', 'PG-13', 'Captain America and Iron Man clash, causing the Avengers to choose sides.');
INSERT INTO COMP3311STU004.VIDEO (VIDEOID, TITLE, CLASSFICATION, DESCRIPTION) VALUES ('s1042 ', 'Marvel Studios'' Captain America: The First Avenger', 'PG-13', 'A top-secret research project turns Steve Rogers into Captain America.');
INSERT INTO COMP3311STU004.VIDEO (VIDEOID, TITLE, CLASSFICATION, DESCRIPTION) VALUES ('s1043 ', 'Marvel Studios'' Captain America: The Winter Soldier', 'PG-13', 'Captain America and Black Widow join forces against the Winter Soldier.');
INSERT INTO COMP3311STU004.VIDEO (VIDEOID, TITLE, CLASSFICATION, DESCRIPTION) VALUES ('s1044 ', 'Marvel Studios'' Captain Marvel', 'PG-13', 'Marvel Studios'' Captain Marvel launches the MCU''s most powerful hero.');
INSERT INTO COMP3311STU004.VIDEO (VIDEOID, TITLE, CLASSFICATION, DESCRIPTION) VALUES ('s1045 ', 'Marvel Studios'' Doctor Strange', 'PG-13', 'A famous surgeon battles unseen forces bent on destroying our reality.');
INSERT INTO COMP3311STU004.VIDEO (VIDEOID, TITLE, CLASSFICATION, DESCRIPTION) VALUES ('s1046 ', 'Marvel Studios'' Guardians of the Galaxy', 'PG-13', 'A group of misfit heroes become the object of an unrelenting bounty hunt.');
INSERT INTO COMP3311STU004.VIDEO (VIDEOID, TITLE, CLASSFICATION, DESCRIPTION) VALUES ('s1047 ', 'Marvel Studios'' Guardians of the Galaxy Vol. 2', 'PG-13', 'The Guardians fight to keep their newfound family together as they discover Quill''s parentage.');
INSERT INTO COMP3311STU004.VIDEO (VIDEOID, TITLE, CLASSFICATION, DESCRIPTION) VALUES ('s1048 ', 'Marvel Studios'' Iron Man', 'PG-13', 'Jet-setting industrialist Tony Stark vows to protect the world as Iron Man.');
INSERT INTO COMP3311STU004.VIDEO (VIDEOID, TITLE, CLASSFICATION, DESCRIPTION) VALUES ('s1049 ', 'Marvel Studios'' Iron Man 2', 'PG-13', 'Inventor Tony Stark forges new alliances to confront powerful enemies.');
INSERT INTO COMP3311STU004.VIDEO (VIDEOID, TITLE, CLASSFICATION, DESCRIPTION) VALUES ('s1050 ', 'Marvel Studios'' Iron Man 3', 'PG-13', 'His personal world destroyed, Tony Stark embarks on a harrowing quest to find those responsible.');
INSERT INTO COMP3311STU004.VIDEO (VIDEOID, TITLE, CLASSFICATION, DESCRIPTION) VALUES ('s1051 ', 'Marvel Studios'' The Avengers', 'PG-13', 'Nick Fury recruits a team of heroes to battle an unexpected enemy.');
INSERT INTO COMP3311STU004.VIDEO (VIDEOID, TITLE, CLASSFICATION, DESCRIPTION) VALUES ('s1052 ', 'Marvel Studios'' Thor', 'PG-13', 'Thor, Asgard''s greatest hero, reignites an ancient war that he must take part in from Earth.');
INSERT INTO COMP3311STU004.VIDEO (VIDEOID, TITLE, CLASSFICATION, DESCRIPTION) VALUES ('s1053 ', 'Marvel Studios'' Thor: The Dark World', 'PG-13', 'Thor must set out on his most dangerous and personal journey yet.');
INSERT INTO COMP3311STU004.VIDEO (VIDEOID, TITLE, CLASSFICATION, DESCRIPTION) VALUES ('s1035 ', 'Marvel Rising: Secret Warriors', 'TV-Y7-FV', 'Marvel''s young powered heroes join forces to protect the Universe.');
INSERT INTO COMP3311STU004.VIDEO (VIDEOID, TITLE, CLASSFICATION, DESCRIPTION) VALUES ('s1036 ', 'Marvel Studios: Assembling A Universe', 'TV-PG', 'An exclusive look inside the world of Marvel Studios.');
INSERT INTO COMP3311STU004.VIDEO (VIDEOID, TITLE, CLASSFICATION, DESCRIPTION) VALUES ('s1038 ', 'Marvel Studios'' Ant-Man', 'PG-13', 'Scott Lang and Dr. Hank Pym plan a heist that could save the world.');
INSERT INTO COMP3311STU004.VIDEO (VIDEOID, TITLE, CLASSFICATION, DESCRIPTION) VALUES ('s492 ', 'Marvel Studios'' Avengers: Infinity War', 'PG-13', 'The Avengers must be willing to sacrifice all to defeat Thanos.');
INSERT INTO COMP3311STU004.VIDEO (VIDEOID, TITLE, CLASSFICATION, DESCRIPTION) VALUES ('s610 ', 'Marvel Studios'' Black Panther', 'PG-13', 'Thalla battles a powerful foe when his homeland of Wakanda is threatened.');
INSERT INTO COMP3311STU004.VIDEO (VIDEOID, TITLE, CLASSFICATION, DESCRIPTION) VALUES ('s686 ', 'Marvel Studios'' Thor: Ragnarok', 'PG-13', 'Thor races against time to ensure that Asgard does not fall into the Hela''s ruthless hands.');
INSERT INTO COMP3311STU004.VIDEO (VIDEOID, TITLE, CLASSFICATION, DESCRIPTION) VALUES ('s1054001', 'Marvel Ultimate Spider-Man', 'TV-Y7', 'Spider-Man trains alongside four fellow teenage superheroes.');
INSERT INTO COMP3311STU004.VIDEO (VIDEOID, TITLE, CLASSFICATION, DESCRIPTION) VALUES ('s1054002', 'Marvel Ultimate Spider-Man', 'TV-Y7', 'Spider-Man trains alongside four fellow teenage superheroes.');
INSERT INTO COMP3311STU004.VIDEO (VIDEOID, TITLE, CLASSFICATION, DESCRIPTION) VALUES ('s1054003', 'Marvel Ultimate Spider-Man', 'TV-Y7', 'Spider-Man trains alongside four fellow teenage superheroes.');
INSERT INTO COMP3311STU004.VIDEO (VIDEOID, TITLE, CLASSFICATION, DESCRIPTION) VALUES ('s1054004', 'Marvel Ultimate Spider-Man', 'TV-Y7', 'Spider-Man trains alongside four fellow teenage superheroes.');
INSERT INTO COMP3311STU004.VIDEO (VIDEOID, TITLE, CLASSFICATION, DESCRIPTION) VALUES ('s1054005', 'Marvel Ultimate Spider-Man', 'TV-Y7', 'Spider-Man trains alongside four fellow teenage superheroes.');
INSERT INTO COMP3311STU004.VIDEO (VIDEOID, TITLE, CLASSFICATION, DESCRIPTION) VALUES ('s1054006', 'Marvel Ultimate Spider-Man', 'TV-Y7', 'Spider-Man trains alongside four fellow teenage superheroes.');
INSERT INTO COMP3311STU004.VIDEO (VIDEOID, TITLE, CLASSFICATION, DESCRIPTION) VALUES ('s1054007', 'Marvel Ultimate Spider-Man', 'TV-Y7', 'Spider-Man trains alongside four fellow teenage superheroes.');
INSERT INTO COMP3311STU004.VIDEO (VIDEOID, TITLE, CLASSFICATION, DESCRIPTION) VALUES ('s1054008', 'Marvel Ultimate Spider-Man', 'TV-Y7', 'Spider-Man trains alongside four fellow teenage superheroes.');
INSERT INTO COMP3311STU004.VIDEO (VIDEOID, TITLE, CLASSFICATION, DESCRIPTION) VALUES ('s1054009', 'Marvel Ultimate Spider-Man', 'TV-Y7', 'Spider-Man trains alongside four fellow teenage superheroes.');
INSERT INTO COMP3311STU004.VIDEO (VIDEOID, TITLE, CLASSFICATION, DESCRIPTION) VALUES ('s1054010', 'Marvel Ultimate Spider-Man', 'TV-Y7', 'Spider-Man trains alongside four fellow teenage superheroes.');
INSERT INTO COMP3311STU004.VIDEO (VIDEOID, TITLE, CLASSFICATION, DESCRIPTION) VALUES ('s1054011', 'Marvel Ultimate Spider-Man', 'TV-Y7', 'Spider-Man trains alongside four fellow teenage superheroes.');
INSERT INTO COMP3311STU004.VIDEO (VIDEOID, TITLE, CLASSFICATION, DESCRIPTION) VALUES ('s1054012', 'Marvel Ultimate Spider-Man', 'TV-Y7', 'Spider-Man trains alongside four fellow teenage superheroes.');
INSERT INTO COMP3311STU004.VIDEO (VIDEOID, TITLE, CLASSFICATION, DESCRIPTION) VALUES ('s1054013', 'Marvel Ultimate Spider-Man', 'TV-Y7', 'Spider-Man trains alongside four fellow teenage superheroes.');
INSERT INTO COMP3311STU004.VIDEO (VIDEOID, TITLE, CLASSFICATION, DESCRIPTION) VALUES ('s1054014', 'Marvel Ultimate Spider-Man', 'TV-Y7', 'Spider-Man trains alongside four fellow teenage superheroes.');
INSERT INTO COMP3311STU004.VIDEO (VIDEOID, TITLE, CLASSFICATION, DESCRIPTION) VALUES ('s1054015', 'Marvel Ultimate Spider-Man', 'TV-Y7', 'Spider-Man trains alongside four fellow teenage superheroes.');
INSERT INTO COMP3311STU004.VIDEO (VIDEOID, TITLE, CLASSFICATION, DESCRIPTION) VALUES ('s1054016', 'Marvel Ultimate Spider-Man', 'TV-Y7', 'Spider-Man trains alongside four fellow teenage superheroes.');
INSERT INTO COMP3311STU004.VIDEO (VIDEOID, TITLE, CLASSFICATION, DESCRIPTION) VALUES ('s1054017', 'Marvel Ultimate Spider-Man', 'TV-Y7', 'Spider-Man trains alongside four fellow teenage superheroes.');
INSERT INTO COMP3311STU004.VIDEO (VIDEOID, TITLE, CLASSFICATION, DESCRIPTION) VALUES ('s1054018', 'Marvel Ultimate Spider-Man', 'TV-Y7', 'Spider-Man trains alongside four fellow teenage superheroes.');
INSERT INTO COMP3311STU004.VIDEO (VIDEOID, TITLE, CLASSFICATION, DESCRIPTION) VALUES ('s1054019', 'Marvel Ultimate Spider-Man', 'TV-Y7', 'Spider-Man trains alongside four fellow teenage superheroes.');
INSERT INTO COMP3311STU004.VIDEO (VIDEOID, TITLE, CLASSFICATION, DESCRIPTION) VALUES ('s1054020', 'Marvel Ultimate Spider-Man', 'TV-Y7', 'Spider-Man trains alongside four fellow teenage superheroes.');
INSERT INTO COMP3311STU004.VIDEO (VIDEOID, TITLE, CLASSFICATION, DESCRIPTION) VALUES ('s1055001', 'Marvel''s Agent Carter', 'TV-14', 'Working for SSR, Peggy would rather be in the field.');
INSERT INTO COMP3311STU004.VIDEO (VIDEOID, TITLE, CLASSFICATION, DESCRIPTION) VALUES ('s1055002', 'Marvel''s Agent Carter', 'TV-14', 'Working for SSR, Peggy would rather be in the field.');
INSERT INTO COMP3311STU004.VIDEO (VIDEOID, TITLE, CLASSFICATION, DESCRIPTION) VALUES ('s1055003', 'Marvel''s Agent Carter', 'TV-14', 'Working for SSR, Peggy would rather be in the field.');
INSERT INTO COMP3311STU004.VIDEO (VIDEOID, TITLE, CLASSFICATION, DESCRIPTION) VALUES ('s1055004', 'Marvel''s Agent Carter', 'TV-14', 'Working for SSR, Peggy would rather be in the field.');
INSERT INTO COMP3311STU004.VIDEO (VIDEOID, TITLE, CLASSFICATION, DESCRIPTION) VALUES ('s1055005', 'Marvel''s Agent Carter', 'TV-14', 'Working for SSR, Peggy would rather be in the field.');
INSERT INTO COMP3311STU004.VIDEO (VIDEOID, TITLE, CLASSFICATION, DESCRIPTION) VALUES ('s1055006', 'Marvel''s Agent Carter', 'TV-14', 'Working for SSR, Peggy would rather be in the field.');
INSERT INTO COMP3311STU004.VIDEO (VIDEOID, TITLE, CLASSFICATION, DESCRIPTION) VALUES ('s1055007', 'Marvel''s Agent Carter', 'TV-14', 'Working for SSR, Peggy would rather be in the field.');
INSERT INTO COMP3311STU004.VIDEO (VIDEOID, TITLE, CLASSFICATION, DESCRIPTION) VALUES ('s1055008', 'Marvel''s Agent Carter', 'TV-14', 'Working for SSR, Peggy would rather be in the field.');
INSERT INTO COMP3311STU004.VIDEO (VIDEOID, TITLE, CLASSFICATION, DESCRIPTION) VALUES ('s1055009', 'Marvel''s Agent Carter', 'TV-14', 'Working for SSR, Peggy would rather be in the field.');
INSERT INTO COMP3311STU004.VIDEO (VIDEOID, TITLE, CLASSFICATION, DESCRIPTION) VALUES ('s1055010', 'Marvel''s Agent Carter', 'TV-14', 'Working for SSR, Peggy would rather be in the field.');
INSERT INTO COMP3311STU004.CASTMEMBER (CASTID, CASTNAME) VALUES ('0 ', 'Robert Downey Jr.');
INSERT INTO COMP3311STU004.CASTMEMBER (CASTID, CASTNAME) VALUES ('1 ', 'Chris Hemsworth');
INSERT INTO COMP3311STU004.CASTMEMBER (CASTID, CASTNAME) VALUES ('2 ', 'Mark Ruffalo');
INSERT INTO COMP3311STU004.CASTMEMBER (CASTID, CASTNAME) VALUES ('3 ', 'Chris Evans');
INSERT INTO COMP3311STU004.CASTMEMBER (CASTID, CASTNAME) VALUES ('4 ', 'Scarlett Johansson');
INSERT INTO COMP3311STU004.CASTMEMBER (CASTID, CASTNAME) VALUES ('5 ', 'Jeremy Renner');
INSERT INTO COMP3311STU004.CASTMEMBER (CASTID, CASTNAME) VALUES ('6 ', 'Sebastian Stan');
INSERT INTO COMP3311STU004.CASTMEMBER (CASTID, CASTNAME) VALUES ('7 ', 'Tommy Jones');
INSERT INTO COMP3311STU004.CASTMEMBER (CASTID, CASTNAME) VALUES ('8 ', 'Hugo Weaving');
INSERT INTO COMP3311STU004.CASTMEMBER (CASTID, CASTNAME) VALUES ('9 ', 'Brie Larson');
INSERT INTO COMP3311STU004.CASTMEMBER (CASTID, CASTNAME) VALUES ('10 ', 'Samuel Jackson');
INSERT INTO COMP3311STU004.CASTMEMBER (CASTID, CASTNAME) VALUES ('11 ', 'Ben Mendelsohn');
INSERT INTO COMP3311STU004.CASTMEMBER (CASTID, CASTNAME) VALUES ('12 ', 'Benedict Cumberbatch');
INSERT INTO COMP3311STU004.CASTMEMBER (CASTID, CASTNAME) VALUES ('13 ', 'Chiwetel Ejiofor');
INSERT INTO COMP3311STU004.CASTMEMBER (CASTID, CASTNAME) VALUES ('14 ', 'Rachel McAdams');
INSERT INTO COMP3311STU004.CASTMEMBER (CASTID, CASTNAME) VALUES ('15 ', 'Chris Pratt');
INSERT INTO COMP3311STU004.CASTMEMBER (CASTID, CASTNAME) VALUES ('16 ', 'Dave Bautista');
INSERT INTO COMP3311STU004.CASTMEMBER (CASTID, CASTNAME) VALUES ('17 ', 'Vin Diesel');
INSERT INTO COMP3311STU004.CASTMEMBER (CASTID, CASTNAME) VALUES ('18 ', 'Bradley Cooper');
INSERT INTO COMP3311STU004.CASTMEMBER (CASTID, CASTNAME) VALUES ('19 ', 'Terrence Howard');
INSERT INTO COMP3311STU004.CASTMEMBER (CASTID, CASTNAME) VALUES ('20 ', 'Jeff Bridges');
INSERT INTO COMP3311STU004.CASTMEMBER (CASTID, CASTNAME) VALUES ('21 ', 'Gwyneth Paltrow');
INSERT INTO COMP3311STU004.CASTMEMBER (CASTID, CASTNAME) VALUES ('22 ', 'Don Cheadle');
INSERT INTO COMP3311STU004.CASTMEMBER (CASTID, CASTNAME) VALUES ('23 ', 'Natalie Portman');
INSERT INTO COMP3311STU004.CASTMEMBER (CASTID, CASTNAME) VALUES ('24 ', 'Tom Hiddleston');
INSERT INTO COMP3311STU004.CASTMEMBER (CASTID, CASTNAME) VALUES ('25 ', ' Anthony Hopkins');
INSERT INTO COMP3311STU004.CASTMEMBER (CASTID, CASTNAME) VALUES ('46 ', 'Dee Baker');
INSERT INTO COMP3311STU004.CASTMEMBER (CASTID, CASTNAME) VALUES ('47 ', 'Chloe Bennet');
INSERT INTO COMP3311STU004.CASTMEMBER (CASTID, CASTNAME) VALUES ('48 ', 'Kathreen Khavari');
INSERT INTO COMP3311STU004.CASTMEMBER (CASTID, CASTNAME) VALUES ('49 ', 'Jeff McNeil');
INSERT INTO COMP3311STU004.CASTMEMBER (CASTID, CASTNAME) VALUES ('50 ', 'Meghan Leon');
INSERT INTO COMP3311STU004.CASTMEMBER (CASTID, CASTNAME) VALUES ('51 ', 'Jason Hillhouse');
INSERT INTO COMP3311STU004.CASTMEMBER (CASTID, CASTNAME) VALUES ('52 ', 'Paul Rudd');
INSERT INTO COMP3311STU004.CASTMEMBER (CASTID, CASTNAME) VALUES ('53 ', 'Evangeline Lilly');
INSERT INTO COMP3311STU004.CASTMEMBER (CASTID, CASTNAME) VALUES ('54 ', 'Corey Stoll');
INSERT INTO COMP3311STU004.CASTMEMBER (CASTID, CASTNAME) VALUES ('55 ', 'Chadwick Boseman');
INSERT INTO COMP3311STU004.CASTMEMBER (CASTID, CASTNAME) VALUES ('56 ', 'Michael Jordan');
INSERT INTO COMP3311STU004.CASTMEMBER (CASTID, CASTNAME) VALUES ('57 ', 'Lupita Nyong''o');
INSERT INTO COMP3311STU004.CASTMEMBER (CASTID, CASTNAME) VALUES ('58 ', 'Cate Blanchett');
INSERT INTO COMP3311STU004.CASTMEMBER (CASTID, CASTNAME) VALUES ('26 ', 'Drake Bell');
INSERT INTO COMP3311STU004.CASTMEMBER (CASTID, CASTNAME) VALUES ('27 ', 'Chi McBride');
INSERT INTO COMP3311STU004.CASTMEMBER (CASTID, CASTNAME) VALUES ('28 ', 'Steven Weber');
INSERT INTO COMP3311STU004.CASTMEMBER (CASTID, CASTNAME) VALUES ('29 ', 'Hayley Atwell');
INSERT INTO COMP3311STU004.CASTMEMBER (CASTID, CASTNAME) VALUES ('30 ', 'James D''Arcy');
INSERT INTO COMP3311STU004.CASTMEMBER (CASTID, CASTNAME) VALUES ('31 ', 'Chad Murray');
INSERT INTO COMP3311STU004.ACCOUNT (USERNAME, NAME, EMAIL, BIRTHDATE, REGISTRATIONDATE) VALUES ('mondo_duplantis', 'Mondo Duplantis', 'stina.funke@jrssm.com', TO_DATE('1999-11-10', 'YYYY-MM-DD HH24:MI:SS'), TO_DATE('2016-07-21', 'YYYY-MM-DD HH24:MI:SS'));
INSERT INTO COMP3311STU004.ACCOUNT (USERNAME, NAME, EMAIL, BIRTHDATE, REGISTRATIONDATE) VALUES ('jaychou', 'Jay Chou', 'jvrservice@jvrmusic.com', TO_DATE('1979-01-18', 'YYYY-MM-DD HH24:MI:SS'), TO_DATE('2014-08-02', 'YYYY-MM-DD HH24:MI:SS'));
INSERT INTO COMP3311STU004.ACCOUNT (USERNAME, NAME, EMAIL, BIRTHDATE, REGISTRATIONDATE) VALUES ('athonyhopkins', 'Athony Hopkins', 'margamfineart@me.com', TO_DATE('1937-12-31', 'YYYY-MM-DD HH24:MI:SS'), TO_DATE('2016-09-13', 'YYYY-MM-DD HH24:MI:SS'));
INSERT INTO COMP3311STU004.ACCOUNT (USERNAME, NAME, EMAIL, BIRTHDATE, REGISTRATIONDATE) VALUES ('paulnicklen', 'Paul Nicklen', 'info@paulnicklen.com', TO_DATE('1968-07-12', 'YYYY-MM-DD HH24:MI:SS'), TO_DATE('2015-01-30', 'YYYY-MM-DD HH24:MI:SS'));
INSERT INTO COMP3311STU004.ACCOUNT (USERNAME, NAME, EMAIL, BIRTHDATE, REGISTRATIONDATE) VALUES ('zhouguanyu24', 'Guanyu Zhou', 'info@zhou-guanyu.com', TO_DATE('1999-05-30', 'YYYY-MM-DD HH24:MI:SS'), TO_DATE('2016-10-22', 'YYYY-MM-DD HH24:MI:SS'));
INSERT INTO COMP3311STU004.ACCOUNT (USERNAME, NAME, EMAIL, BIRTHDATE, REGISTRATIONDATE) VALUES ('paulpogba', 'Paul Labile Pogba', 'contact@paulpogba.com', TO_DATE('1993-03-15', 'YYYY-MM-DD HH24:MI:SS'), TO_DATE('2015-03-11', 'YYYY-MM-DD HH24:MI:SS'));
INSERT INTO COMP3311STU004.ACCOUNT (USERNAME, NAME, EMAIL, BIRTHDATE, REGISTRATIONDATE) VALUES ('andrewlloydwebber', 'Andrew Lloyd Webber', 'hello@reallyuseful.com', TO_DATE('1948-03-22', 'YYYY-MM-DD HH24:MI:SS'), TO_DATE('2013-01-30', 'YYYY-MM-DD HH24:MI:SS'));
INSERT INTO COMP3311STU004.TAGS (VIDEOID, TAG) VALUES ('s1035 ', 'Action-Adventure');
INSERT INTO COMP3311STU004.TAGS (VIDEOID, TAG) VALUES ('s1035 ', 'Animation');
INSERT INTO COMP3311STU004.TAGS (VIDEOID, TAG) VALUES ('s1035 ', 'Coming of Age');
INSERT INTO COMP3311STU004.TAGS (VIDEOID, TAG) VALUES ('s1036 ', 'Action-Adventure');
INSERT INTO COMP3311STU004.TAGS (VIDEOID, TAG) VALUES ('s1036 ', 'Documentary');
INSERT INTO COMP3311STU004.TAGS (VIDEOID, TAG) VALUES ('s1036 ', 'Superhero');
INSERT INTO COMP3311STU004.TAGS (VIDEOID, TAG) VALUES ('s1038 ', 'Action-Adventure');
INSERT INTO COMP3311STU004.TAGS (VIDEOID, TAG) VALUES ('s1038 ', 'Comedy');
INSERT INTO COMP3311STU004.TAGS (VIDEOID, TAG) VALUES ('s1038 ', 'Science Fiction');
INSERT INTO COMP3311STU004.TAGS (VIDEOID, TAG) VALUES ('s1039 ', 'Action-Adventure');
INSERT INTO COMP3311STU004.TAGS (VIDEOID, TAG) VALUES ('s1039 ', 'Science Fiction');
INSERT INTO COMP3311STU004.TAGS (VIDEOID, TAG) VALUES ('s1039 ', 'Superhero');
INSERT INTO COMP3311STU004.TAGS (VIDEOID, TAG) VALUES ('s1040 ', 'Action-Adventure');
INSERT INTO COMP3311STU004.TAGS (VIDEOID, TAG) VALUES ('s1040 ', 'Fantasy');
INSERT INTO COMP3311STU004.TAGS (VIDEOID, TAG) VALUES ('s1040 ', 'Science Fiction');
INSERT INTO COMP3311STU004.TAGS (VIDEOID, TAG) VALUES ('s1041 ', 'Action-Adventure');
INSERT INTO COMP3311STU004.TAGS (VIDEOID, TAG) VALUES ('s1041 ', 'Science Fiction');
INSERT INTO COMP3311STU004.TAGS (VIDEOID, TAG) VALUES ('s1041 ', 'Superhero');
INSERT INTO COMP3311STU004.TAGS (VIDEOID, TAG) VALUES ('s1042 ', 'Action-Adventure');
INSERT INTO COMP3311STU004.TAGS (VIDEOID, TAG) VALUES ('s1042 ', 'Science Fiction');
INSERT INTO COMP3311STU004.TAGS (VIDEOID, TAG) VALUES ('s1042 ', 'Superhero');
INSERT INTO COMP3311STU004.TAGS (VIDEOID, TAG) VALUES ('s1043 ', 'Action-Adventure');
INSERT INTO COMP3311STU004.TAGS (VIDEOID, TAG) VALUES ('s1043 ', 'Science Fiction');
INSERT INTO COMP3311STU004.TAGS (VIDEOID, TAG) VALUES ('s1043 ', 'Superhero');
INSERT INTO COMP3311STU004.TAGS (VIDEOID, TAG) VALUES ('s1044 ', 'Action-Adventure');
INSERT INTO COMP3311STU004.TAGS (VIDEOID, TAG) VALUES ('s1044 ', 'Science Fiction');
INSERT INTO COMP3311STU004.TAGS (VIDEOID, TAG) VALUES ('s1044 ', 'Superhero');
INSERT INTO COMP3311STU004.TAGS (VIDEOID, TAG) VALUES ('s1045 ', 'Action-Adventure');
INSERT INTO COMP3311STU004.TAGS (VIDEOID, TAG) VALUES ('s1045 ', 'Fantasy');
INSERT INTO COMP3311STU004.TAGS (VIDEOID, TAG) VALUES ('s1045 ', 'Superhero');
INSERT INTO COMP3311STU004.TAGS (VIDEOID, TAG) VALUES ('s1046 ', 'Action-Adventure');
INSERT INTO COMP3311STU004.TAGS (VIDEOID, TAG) VALUES ('s1046 ', 'Comedy');
INSERT INTO COMP3311STU004.TAGS (VIDEOID, TAG) VALUES ('s1046 ', 'Science Fiction');
INSERT INTO COMP3311STU004.TAGS (VIDEOID, TAG) VALUES ('s1047 ', 'Action-Adventure');
INSERT INTO COMP3311STU004.TAGS (VIDEOID, TAG) VALUES ('s1047 ', 'Comedy');
INSERT INTO COMP3311STU004.TAGS (VIDEOID, TAG) VALUES ('s1047 ', 'Science Fiction');
INSERT INTO COMP3311STU004.TAGS (VIDEOID, TAG) VALUES ('s1048 ', 'Action-Adventure');
INSERT INTO COMP3311STU004.TAGS (VIDEOID, TAG) VALUES ('s1048 ', 'Science Fiction');
INSERT INTO COMP3311STU004.TAGS (VIDEOID, TAG) VALUES ('s1048 ', 'Superhero');
INSERT INTO COMP3311STU004.TAGS (VIDEOID, TAG) VALUES ('s1049 ', 'Action-Adventure');
INSERT INTO COMP3311STU004.TAGS (VIDEOID, TAG) VALUES ('s1049 ', 'Science Fiction');
INSERT INTO COMP3311STU004.TAGS (VIDEOID, TAG) VALUES ('s1049 ', 'Superhero');
INSERT INTO COMP3311STU004.TAGS (VIDEOID, TAG) VALUES ('s1050 ', 'Action-Adventure');
INSERT INTO COMP3311STU004.TAGS (VIDEOID, TAG) VALUES ('s1050 ', 'Science Fiction');
INSERT INTO COMP3311STU004.TAGS (VIDEOID, TAG) VALUES ('s1050 ', 'Superhero');
INSERT INTO COMP3311STU004.TAGS (VIDEOID, TAG) VALUES ('s1051 ', 'Action-Adventure');
INSERT INTO COMP3311STU004.TAGS (VIDEOID, TAG) VALUES ('s1051 ', 'Fantasy');
INSERT INTO COMP3311STU004.TAGS (VIDEOID, TAG) VALUES ('s1051 ', 'Science Fiction');
INSERT INTO COMP3311STU004.TAGS (VIDEOID, TAG) VALUES ('s1052 ', 'Action-Adventure');
INSERT INTO COMP3311STU004.TAGS (VIDEOID, TAG) VALUES ('s1052 ', 'Fantasy');
INSERT INTO COMP3311STU004.TAGS (VIDEOID, TAG) VALUES ('s1052 ', 'Superhero');
INSERT INTO COMP3311STU004.TAGS (VIDEOID, TAG) VALUES ('s1053 ', 'Action-Adventure');
INSERT INTO COMP3311STU004.TAGS (VIDEOID, TAG) VALUES ('s1053 ', 'Fantasy');
INSERT INTO COMP3311STU004.TAGS (VIDEOID, TAG) VALUES ('s1053 ', 'Science Fiction');
INSERT INTO COMP3311STU004.TAGS (VIDEOID, TAG) VALUES ('s1054001', 'Action-Adventure');
INSERT INTO COMP3311STU004.TAGS (VIDEOID, TAG) VALUES ('s1054001', 'Animation');
INSERT INTO COMP3311STU004.TAGS (VIDEOID, TAG) VALUES ('s1054001', 'Fantasy');
INSERT INTO COMP3311STU004.TAGS (VIDEOID, TAG) VALUES ('s1054002', 'Action-Adventure');
INSERT INTO COMP3311STU004.TAGS (VIDEOID, TAG) VALUES ('s1054002', 'Animation');
INSERT INTO COMP3311STU004.TAGS (VIDEOID, TAG) VALUES ('s1054002', 'Fantasy');
INSERT INTO COMP3311STU004.TAGS (VIDEOID, TAG) VALUES ('s1054003', 'Action-Adventure');
INSERT INTO COMP3311STU004.TAGS (VIDEOID, TAG) VALUES ('s1054003', 'Animation');
INSERT INTO COMP3311STU004.TAGS (VIDEOID, TAG) VALUES ('s1054003', 'Fantasy');
INSERT INTO COMP3311STU004.TAGS (VIDEOID, TAG) VALUES ('s1054004', 'Action-Adventure');
INSERT INTO COMP3311STU004.TAGS (VIDEOID, TAG) VALUES ('s1054004', 'Animation');
INSERT INTO COMP3311STU004.TAGS (VIDEOID, TAG) VALUES ('s1054004', 'Fantasy');
INSERT INTO COMP3311STU004.TAGS (VIDEOID, TAG) VALUES ('s1054005', 'Action-Adventure');
INSERT INTO COMP3311STU004.TAGS (VIDEOID, TAG) VALUES ('s1054005', 'Animation');
INSERT INTO COMP3311STU004.TAGS (VIDEOID, TAG) VALUES ('s1054005', 'Fantasy');
INSERT INTO COMP3311STU004.TAGS (VIDEOID, TAG) VALUES ('s1054006', 'Action-Adventure');
INSERT INTO COMP3311STU004.TAGS (VIDEOID, TAG) VALUES ('s1054006', 'Animation');
INSERT INTO COMP3311STU004.TAGS (VIDEOID, TAG) VALUES ('s1054006', 'Fantasy');
INSERT INTO COMP3311STU004.TAGS (VIDEOID, TAG) VALUES ('s1054007', 'Action-Adventure');
INSERT INTO COMP3311STU004.TAGS (VIDEOID, TAG) VALUES ('s1054007', 'Animation');
INSERT INTO COMP3311STU004.TAGS (VIDEOID, TAG) VALUES ('s1054007', 'Fantasy');
INSERT INTO COMP3311STU004.TAGS (VIDEOID, TAG) VALUES ('s1054008', 'Action-Adventure');
INSERT INTO COMP3311STU004.TAGS (VIDEOID, TAG) VALUES ('s1054008', 'Animation');
INSERT INTO COMP3311STU004.TAGS (VIDEOID, TAG) VALUES ('s1054008', 'Fantasy');
INSERT INTO COMP3311STU004.TAGS (VIDEOID, TAG) VALUES ('s1054009', 'Action-Adventure');
INSERT INTO COMP3311STU004.TAGS (VIDEOID, TAG) VALUES ('s1054009', 'Animation');
INSERT INTO COMP3311STU004.TAGS (VIDEOID, TAG) VALUES ('s1054009', 'Fantasy');
INSERT INTO COMP3311STU004.TAGS (VIDEOID, TAG) VALUES ('s1054010', 'Action-Adventure');
INSERT INTO COMP3311STU004.TAGS (VIDEOID, TAG) VALUES ('s1054010', 'Animation');
INSERT INTO COMP3311STU004.TAGS (VIDEOID, TAG) VALUES ('s1054010', 'Fantasy');
INSERT INTO COMP3311STU004.TAGS (VIDEOID, TAG) VALUES ('s1054011', 'Action-Adventure');
INSERT INTO COMP3311STU004.TAGS (VIDEOID, TAG) VALUES ('s1054011', 'Animation');
INSERT INTO COMP3311STU004.TAGS (VIDEOID, TAG) VALUES ('s1054011', 'Fantasy');
INSERT INTO COMP3311STU004.TAGS (VIDEOID, TAG) VALUES ('s1054012', 'Action-Adventure');
INSERT INTO COMP3311STU004.TAGS (VIDEOID, TAG) VALUES ('s1054012', 'Animation');
INSERT INTO COMP3311STU004.TAGS (VIDEOID, TAG) VALUES ('s1054012', 'Fantasy');
INSERT INTO COMP3311STU004.TAGS (VIDEOID, TAG) VALUES ('s1054013', 'Action-Adventure');
INSERT INTO COMP3311STU004.TAGS (VIDEOID, TAG) VALUES ('s1054013', 'Animation');
INSERT INTO COMP3311STU004.TAGS (VIDEOID, TAG) VALUES ('s1054013', 'Fantasy');
INSERT INTO COMP3311STU004.TAGS (VIDEOID, TAG) VALUES ('s1054014', 'Action-Adventure');
INSERT INTO COMP3311STU004.TAGS (VIDEOID, TAG) VALUES ('s1054014', 'Animation');
INSERT INTO COMP3311STU004.TAGS (VIDEOID, TAG) VALUES ('s1054014', 'Fantasy');
INSERT INTO COMP3311STU004.TAGS (VIDEOID, TAG) VALUES ('s1054015', 'Action-Adventure');
INSERT INTO COMP3311STU004.TAGS (VIDEOID, TAG) VALUES ('s1054015', 'Animation');
INSERT INTO COMP3311STU004.TAGS (VIDEOID, TAG) VALUES ('s1054015', 'Fantasy');
INSERT INTO COMP3311STU004.TAGS (VIDEOID, TAG) VALUES ('s1054016', 'Action-Adventure');
INSERT INTO COMP3311STU004.TAGS (VIDEOID, TAG) VALUES ('s1054016', 'Animation');
INSERT INTO COMP3311STU004.TAGS (VIDEOID, TAG) VALUES ('s1054016', 'Fantasy');
INSERT INTO COMP3311STU004.TAGS (VIDEOID, TAG) VALUES ('s1054017', 'Action-Adventure');
INSERT INTO COMP3311STU004.TAGS (VIDEOID, TAG) VALUES ('s1054017', 'Animation');
INSERT INTO COMP3311STU004.TAGS (VIDEOID, TAG) VALUES ('s1054017', 'Fantasy');
INSERT INTO COMP3311STU004.TAGS (VIDEOID, TAG) VALUES ('s1054018', 'Action-Adventure');
INSERT INTO COMP3311STU004.TAGS (VIDEOID, TAG) VALUES ('s1054018', 'Animation');
INSERT INTO COMP3311STU004.TAGS (VIDEOID, TAG) VALUES ('s1054018', 'Fantasy');
INSERT INTO COMP3311STU004.TAGS (VIDEOID, TAG) VALUES ('s1054019', 'Action-Adventure');
INSERT INTO COMP3311STU004.TAGS (VIDEOID, TAG) VALUES ('s1054019', 'Animation');
INSERT INTO COMP3311STU004.TAGS (VIDEOID, TAG) VALUES ('s1054019', 'Fantasy');
INSERT INTO COMP3311STU004.TAGS (VIDEOID, TAG) VALUES ('s1054020', 'Action-Adventure');
INSERT INTO COMP3311STU004.TAGS (VIDEOID, TAG) VALUES ('s1054020', 'Animation');
INSERT INTO COMP3311STU004.TAGS (VIDEOID, TAG) VALUES ('s1054020', 'Fantasy');
INSERT INTO COMP3311STU004.TAGS (VIDEOID, TAG) VALUES ('s1055001', 'Action-Adventure');
INSERT INTO COMP3311STU004.TAGS (VIDEOID, TAG) VALUES ('s1055001', 'Science Fiction');
INSERT INTO COMP3311STU004.TAGS (VIDEOID, TAG) VALUES ('s1055001', 'Spy/Espionage');
INSERT INTO COMP3311STU004.TAGS (VIDEOID, TAG) VALUES ('s1055002', 'Action-Adventure');
INSERT INTO COMP3311STU004.TAGS (VIDEOID, TAG) VALUES ('s1055002', 'Science Fiction');
INSERT INTO COMP3311STU004.TAGS (VIDEOID, TAG) VALUES ('s1055002', 'Spy/Espionage');
INSERT INTO COMP3311STU004.TAGS (VIDEOID, TAG) VALUES ('s1055003', 'Action-Adventure');
INSERT INTO COMP3311STU004.TAGS (VIDEOID, TAG) VALUES ('s1055003', 'Science Fiction');
INSERT INTO COMP3311STU004.TAGS (VIDEOID, TAG) VALUES ('s1055003', 'Spy/Espionage');
INSERT INTO COMP3311STU004.TAGS (VIDEOID, TAG) VALUES ('s1055004', 'Action-Adventure');
INSERT INTO COMP3311STU004.TAGS (VIDEOID, TAG) VALUES ('s1055004', 'Science Fiction');
INSERT INTO COMP3311STU004.TAGS (VIDEOID, TAG) VALUES ('s1055004', 'Spy/Espionage');
INSERT INTO COMP3311STU004.TAGS (VIDEOID, TAG) VALUES ('s1055005', 'Action-Adventure');
INSERT INTO COMP3311STU004.TAGS (VIDEOID, TAG) VALUES ('s1055005', 'Science Fiction');
INSERT INTO COMP3311STU004.TAGS (VIDEOID, TAG) VALUES ('s1055005','Spy/Espionage');
INSERT INTO COMP3311STU004.TAGS (VIDEOID, TAG) VALUES ('s1055006', 'Action-Adventure');
INSERT INTO COMP3311STU004.TAGS (VIDEOID, TAG) VALUES ('s1055006', 'Science Fiction');
INSERT INTO COMP3311STU004.TAGS (VIDEOID, TAG) VALUES ('s1055006', 'Spy/Espionage');
INSERT INTO COMP3311STU004.TAGS (VIDEOID, TAG) VALUES ('s1055007', 'Action-Adventure');
INSERT INTO COMP3311STU004.TAGS (VIDEOID, TAG) VALUES ('s1055007', 'Science Fiction');
INSERT INTO COMP3311STU004.TAGS (VIDEOID, TAG) VALUES ('s1055007', 'Spy/Espionage');
INSERT INTO COMP3311STU004.TAGS (VIDEOID, TAG) VALUES ('s1055008', 'Action-Adventure');
INSERT INTO COMP3311STU004.TAGS (VIDEOID, TAG) VALUES ('s1055008', 'Science Fiction');
INSERT INTO COMP3311STU004.TAGS (VIDEOID, TAG) VALUES ('s1055008', 'Spy/Espionage');
INSERT INTO COMP3311STU004.TAGS (VIDEOID, TAG) VALUES ('s1055009', 'Action-Adventure');
INSERT INTO COMP3311STU004.TAGS (VIDEOID, TAG) VALUES ('s1055009', 'Science Fiction');
INSERT INTO COMP3311STU004.TAGS (VIDEOID, TAG) VALUES ('s1055009', 'Spy/Espionage');
INSERT INTO COMP3311STU004.TAGS (VIDEOID, TAG) VALUES ('s1055010', 'Action-Adventure');
INSERT INTO COMP3311STU004.TAGS (VIDEOID, TAG) VALUES ('s1055010', 'Science Fiction');
INSERT INTO COMP3311STU004.TAGS (VIDEOID, TAG) VALUES ('s1055010', 'Spy/Espionage');
INSERT INTO COMP3311STU004.TAGS (VIDEOID, TAG) VALUES ('s492 ', 'Action-Adventure');
INSERT INTO COMP3311STU004.TAGS (VIDEOID, TAG) VALUES ('s492 ', 'Fantasy');
INSERT INTO COMP3311STU004.TAGS (VIDEOID, TAG) VALUES ('s492 ', 'Science Fiction');
INSERT INTO COMP3311STU004.TAGS (VIDEOID, TAG) VALUES ('s610 ', 'Action-Adventure');
INSERT INTO COMP3311STU004.TAGS (VIDEOID, TAG) VALUES ('s610 ', 'Science Fiction');
INSERT INTO COMP3311STU004.TAGS (VIDEOID, TAG) VALUES ('s610 ', 'Superhero');
INSERT INTO COMP3311STU004.TAGS (VIDEOID, TAG) VALUES ('s686 ', 'Action-Adventure');
INSERT INTO COMP3311STU004.TAGS (VIDEOID, TAG) VALUES ('s686 ', 'Comedy');
INSERT INTO COMP3311STU004.TAGS (VIDEOID, TAG) VALUES ('s686 ', 'Fantasy');
INSERT INTO COMP3311STU004.MOVIE (VIDEOID, RUNTIME, DATEOFRELEASE, SEQUEL) VALUES ('s1039 ', 143.00, to_date('2015','yyyy'), 'Marvel Studios'' Avengers: Infinity War, Marvel Studios'' Avengers: Endgame');
INSERT INTO COMP3311STU004.MOVIE (VIDEOID, RUNTIME, DATEOFRELEASE, SEQUEL) VALUES ('s1040 ', 183.00, to_date('2019','yyyy'), null);
INSERT INTO COMP3311STU004.MOVIE (VIDEOID, RUNTIME, DATEOFRELEASE, SEQUEL) VALUES ('s1041 ', 150.00, to_date('2016','yyyy'), null);
INSERT INTO COMP3311STU004.MOVIE (VIDEOID, RUNTIME, DATEOFRELEASE, SEQUEL) VALUES ('s1042 ', 126.00, to_date('2011','yyyy'), 'Marvel Studios'' Captain America: The Winter Soldier, Marvel Studios'' Captain America: Civil War');
INSERT INTO COMP3311STU004.MOVIE (VIDEOID, RUNTIME, DATEOFRELEASE, SEQUEL) VALUES ('s1043 ', 138.00, to_date('2014','yyyy'), 'Marvel Studios'' Captain America: Civil War');
INSERT INTO COMP3311STU004.MOVIE (VIDEOID, RUNTIME, DATEOFRELEASE, SEQUEL) VALUES ('s1044 ', 126.00, to_date('2019','yyyy'), null);
INSERT INTO COMP3311STU004.MOVIE (VIDEOID, RUNTIME, DATEOFRELEASE, SEQUEL) VALUES ('s1045 ', 116.00, to_date('2016','yyyy'), null);
INSERT INTO COMP3311STU004.MOVIE (VIDEOID, RUNTIME, DATEOFRELEASE, SEQUEL) VALUES ('s1046 ', 122.00, to_date('2014','yyyy'), 'Marvel Studios'' Guardians of the Galaxy Vol. 2');
INSERT INTO COMP3311STU004.MOVIE (VIDEOID, RUNTIME, DATEOFRELEASE, SEQUEL) VALUES ('s1047 ', 137.00, to_date('2017','yyyy'), null);
INSERT INTO COMP3311STU004.MOVIE (VIDEOID, RUNTIME, DATEOFRELEASE, SEQUEL) VALUES ('s1048 ', 127.00, to_date('2008','yyyy'), 'Marvel Studios'' Iron Man 2, Marvel Studios'' Iron Man 3');
INSERT INTO COMP3311STU004.MOVIE (VIDEOID, RUNTIME, DATEOFRELEASE, SEQUEL) VALUES ('s1049 ', 125.00, to_date('2010','yyyy'), 'Marvel Studios'' Iron Man 3');
INSERT INTO COMP3311STU004.MOVIE (VIDEOID, RUNTIME, DATEOFRELEASE, SEQUEL) VALUES ('s1050 ', 132.00, to_date('2013','yyyy'), null);
INSERT INTO COMP3311STU004.MOVIE (VIDEOID, RUNTIME, DATEOFRELEASE, SEQUEL) VALUES ('s1051 ', 145.00, to_date('2012','yyyy'), 'Marvel Studios'' Avengers: Age of Ultron, Marvel Studios'' Avengers: Infinity War, Marvel Studios'' Ave');
INSERT INTO COMP3311STU004.MOVIE (VIDEOID, RUNTIME, DATEOFRELEASE, SEQUEL) VALUES ('s1052 ', 116.00, to_date('2011','yyyy'), 'Marvel Studios'' Thor: The Dark World, Marvel Studios'' Thor: Ragnarok');
INSERT INTO COMP3311STU004.MOVIE (VIDEOID, RUNTIME, DATEOFRELEASE, SEQUEL) VALUES ('s1053 ', 114.00, to_date('2013','yyyy'), 'Marvel Studios'' Thor: Ragnarok');
INSERT INTO COMP3311STU004.MOVIE (VIDEOID, RUNTIME, DATEOFRELEASE, SEQUEL) VALUES ('s1035 ', 80.00, to_date('2018','yyyy'), null);
INSERT INTO COMP3311STU004.MOVIE (VIDEOID, RUNTIME, DATEOFRELEASE, SEQUEL) VALUES ('s1036 ', 43.00, to_date('2014','yyyy'), 'Marvel Studios: Expanding the Universe');
INSERT INTO COMP3311STU004.MOVIE (VIDEOID, RUNTIME, DATEOFRELEASE, SEQUEL) VALUES ('s1038 ', 119.00, to_date('2015','yyyy'), null);
INSERT INTO COMP3311STU004.MOVIE (VIDEOID, RUNTIME, DATEOFRELEASE, SEQUEL) VALUES ('s492 ', 152.00, to_date('2018','yyyy'), 'Marvel Studios'' Avengers: Endgame');
INSERT INTO COMP3311STU004.MOVIE (VIDEOID, RUNTIME, DATEOFRELEASE, SEQUEL) VALUES ('s610 ', 137.00, to_date('2018','yyyy'), null);
INSERT INTO COMP3311STU004.MOVIE (VIDEOID, RUNTIME, DATEOFRELEASE, SEQUEL) VALUES ('s686 ', 132.00, to_date('2017','yyyy'), null);
INSERT INTO COMP3311STU004.TVSHOW (VIDEOID, EPISODENO, SEASONNO, RUNTIME, DATEOFRELEASE) VALUES ('s1054001', 0, 0, 30.00, to_date('2011','yyyy'));
INSERT INTO COMP3311STU004.TVSHOW (VIDEOID, EPISODENO, SEASONNO, RUNTIME, DATEOFRELEASE) VALUES ('s1054002', 1, 0, 30.00, to_date('2011','yyyy'));
INSERT INTO COMP3311STU004.TVSHOW (VIDEOID, EPISODENO, SEASONNO, RUNTIME, DATEOFRELEASE) VALUES ('s1054003', 2, 0, 30.00, to_date('2011','yyyy'));
INSERT INTO COMP3311STU004.TVSHOW (VIDEOID, EPISODENO, SEASONNO, RUNTIME, DATEOFRELEASE) VALUES ('s1054004', 3, 0, 30.00, to_date('2011','yyyy'));
INSERT INTO COMP3311STU004.TVSHOW (VIDEOID, EPISODENO, SEASONNO, RUNTIME, DATEOFRELEASE) VALUES ('s1054005', 4, 0, 30.00, to_date('2011','yyyy'));
INSERT INTO COMP3311STU004.TVSHOW (VIDEOID, EPISODENO, SEASONNO, RUNTIME, DATEOFRELEASE) VALUES ('s1054006', 0, 1, 30.00, to_date('2011','yyyy'));
INSERT INTO COMP3311STU004.TVSHOW (VIDEOID, EPISODENO, SEASONNO, RUNTIME, DATEOFRELEASE) VALUES ('s1054007', 1, 1, 30.00, to_date('2011','yyyy'));
INSERT INTO COMP3311STU004.TVSHOW (VIDEOID, EPISODENO, SEASONNO, RUNTIME, DATEOFRELEASE) VALUES ('s1054008', 2, 1, 30.00, to_date('2011','yyyy'));
INSERT INTO COMP3311STU004.TVSHOW (VIDEOID, EPISODENO, SEASONNO, RUNTIME, DATEOFRELEASE) VALUES ('s1054009', 3, 1, 30.00, to_date('2011','yyyy'));
INSERT INTO COMP3311STU004.TVSHOW (VIDEOID, EPISODENO, SEASONNO, RUNTIME, DATEOFRELEASE) VALUES ('s1054010', 4, 1, 30.00, to_date('2011','yyyy'));
INSERT INTO COMP3311STU004.TVSHOW (VIDEOID, EPISODENO, SEASONNO, RUNTIME, DATEOFRELEASE) VALUES ('s1054011', 0, 2, 30.00, to_date('2011','yyyy'));
INSERT INTO COMP3311STU004.TVSHOW (VIDEOID, EPISODENO, SEASONNO, RUNTIME, DATEOFRELEASE) VALUES ('s1054012', 1, 2, 30.00, to_date('2011','yyyy'));
INSERT INTO COMP3311STU004.TVSHOW (VIDEOID, EPISODENO, SEASONNO, RUNTIME, DATEOFRELEASE) VALUES ('s1054013', 2, 2, 30.00, to_date('2011','yyyy'));
INSERT INTO COMP3311STU004.TVSHOW (VIDEOID, EPISODENO, SEASONNO, RUNTIME, DATEOFRELEASE) VALUES ('s1054014', 3, 2, 30.00, to_date('2011','yyyy'));
INSERT INTO COMP3311STU004.TVSHOW (VIDEOID, EPISODENO, SEASONNO, RUNTIME, DATEOFRELEASE) VALUES ('s1054015', 4, 2, 30.00, to_date('2011','yyyy'));
INSERT INTO COMP3311STU004.TVSHOW (VIDEOID, EPISODENO, SEASONNO, RUNTIME, DATEOFRELEASE) VALUES ('s1054016', 0, 3, 30.00, to_date('2011','yyyy'));
INSERT INTO COMP3311STU004.TVSHOW (VIDEOID, EPISODENO, SEASONNO, RUNTIME, DATEOFRELEASE) VALUES ('s1054017', 1, 3, 30.00, to_date('2011','yyyy'));
INSERT INTO COMP3311STU004.TVSHOW (VIDEOID, EPISODENO, SEASONNO, RUNTIME, DATEOFRELEASE) VALUES ('s1054018', 2, 3, 30.00, to_date('2011','yyyy'));
INSERT INTO COMP3311STU004.TVSHOW (VIDEOID, EPISODENO, SEASONNO, RUNTIME, DATEOFRELEASE) VALUES ('s1054019', 3, 3, 30.00, to_date('2011','yyyy'));
INSERT INTO COMP3311STU004.TVSHOW (VIDEOID, EPISODENO, SEASONNO, RUNTIME, DATEOFRELEASE) VALUES ('s1054020', 4, 3, 30.00, to_date('2011','yyyy'));
INSERT INTO COMP3311STU004.TVSHOW (VIDEOID, EPISODENO, SEASONNO, RUNTIME, DATEOFRELEASE) VALUES ('s1055001', 0, 0, 30.00, to_date('2014','yyyy'));
INSERT INTO COMP3311STU004.TVSHOW (VIDEOID, EPISODENO, SEASONNO, RUNTIME, DATEOFRELEASE) VALUES ('s1055002', 1, 0, 30.00, to_date('2014','yyyy'));
INSERT INTO COMP3311STU004.TVSHOW (VIDEOID, EPISODENO, SEASONNO, RUNTIME, DATEOFRELEASE) VALUES ('s1055003', 2, 0, 30.00, to_date('2014','yyyy'));
INSERT INTO COMP3311STU004.TVSHOW (VIDEOID, EPISODENO, SEASONNO, RUNTIME, DATEOFRELEASE) VALUES ('s1055004', 3, 0, 30.00, to_date('2014','yyyy'));
INSERT INTO COMP3311STU004.TVSHOW (VIDEOID, EPISODENO, SEASONNO, RUNTIME, DATEOFRELEASE) VALUES ('s1055005', 4, 0, 30.00, to_date('2014','yyyy'));
INSERT INTO COMP3311STU004.TVSHOW (VIDEOID, EPISODENO, SEASONNO, RUNTIME, DATEOFRELEASE) VALUES ('s1055006', 0, 1, 30.00, to_date('2014','yyyy'));
INSERT INTO COMP3311STU004.TVSHOW (VIDEOID, EPISODENO, SEASONNO, RUNTIME, DATEOFRELEASE) VALUES ('s1055007', 1, 1, 30.00, to_date('2014','yyyy'));
INSERT INTO COMP3311STU004.TVSHOW (VIDEOID, EPISODENO, SEASONNO, RUNTIME, DATEOFRELEASE) VALUES ('s1055008', 2, 1, 30.00, to_date('2014','yyyy'));
INSERT INTO COMP3311STU004.TVSHOW (VIDEOID, EPISODENO, SEASONNO, RUNTIME, DATEOFRELEASE) VALUES ('s1055009', 3, 1, 30.00, to_date('2014','yyyy'));
INSERT INTO COMP3311STU004.TVSHOW (VIDEOID, EPISODENO, SEASONNO, RUNTIME, DATEOFRELEASE) VALUES ('s1055010', 4, 1, 30.00, to_date('2014','yyyy'));
INSERT INTO COMP3311STU004.ACTS (ROLE, CASTID, VIDEOID) VALUES ('acts ', '0 ', 's1039 ');
INSERT INTO COMP3311STU004.ACTS (ROLE, CASTID, VIDEOID) VALUES ('acts ', '0 ', 's1040 ');
INSERT INTO COMP3311STU004.ACTS (ROLE, CASTID, VIDEOID) VALUES ('acts ', '0 ', 's1041 ');
INSERT INTO COMP3311STU004.ACTS (ROLE, CASTID, VIDEOID) VALUES ('acts ', '0 ', 's1048 ');
INSERT INTO COMP3311STU004.ACTS (ROLE, CASTID, VIDEOID) VALUES ('acts ', '0 ', 's1049 ');
INSERT INTO COMP3311STU004.ACTS (ROLE, CASTID, VIDEOID) VALUES ('acts ', '0 ', 's1050 ');
INSERT INTO COMP3311STU004.ACTS (ROLE, CASTID, VIDEOID) VALUES ('acts ', '0 ', 's1051 ');
INSERT INTO COMP3311STU004.ACTS (ROLE, CASTID, VIDEOID) VALUES ('acts ', '0 ', 's492 ');
INSERT INTO COMP3311STU004.ACTS (ROLE, CASTID, VIDEOID) VALUES ('acts ', '1 ', 's1039 ');
INSERT INTO COMP3311STU004.ACTS (ROLE, CASTID, VIDEOID) VALUES ('acts ', '1 ', 's1040 ');
INSERT INTO COMP3311STU004.ACTS (ROLE, CASTID, VIDEOID) VALUES ('acts ', '1 ', 's1051 ');
INSERT INTO COMP3311STU004.ACTS (ROLE, CASTID, VIDEOID) VALUES ('acts ', '1 ', 's1052 ');
INSERT INTO COMP3311STU004.ACTS (ROLE, CASTID, VIDEOID) VALUES ('acts ', '1 ', 's1053 ');
INSERT INTO COMP3311STU004.ACTS (ROLE, CASTID, VIDEOID) VALUES ('acts ', '1 ', 's492 ');
INSERT INTO COMP3311STU004.ACTS (ROLE, CASTID, VIDEOID) VALUES ('acts ', '1 ', 's686 ');
INSERT INTO COMP3311STU004.ACTS (ROLE, CASTID, VIDEOID) VALUES ('acts ', '10 ', 's1044 ');
INSERT INTO COMP3311STU004.ACTS (ROLE, CASTID, VIDEOID) VALUES ('acts ', '11 ', 's1044 ');
INSERT INTO COMP3311STU004.ACTS (ROLE, CASTID, VIDEOID) VALUES ('acts ', '12 ', 's1045 ');
INSERT INTO COMP3311STU004.ACTS (ROLE, CASTID, VIDEOID) VALUES ('acts ', '13 ', 's1045 ');
INSERT INTO COMP3311STU004.ACTS (ROLE, CASTID, VIDEOID) VALUES ('acts ', '14 ', 's1045 ');
INSERT INTO COMP3311STU004.ACTS (ROLE, CASTID, VIDEOID) VALUES ('acts ', '15 ', 's1046 ');
INSERT INTO COMP3311STU004.ACTS (ROLE, CASTID, VIDEOID) VALUES ('acts ', '15 ', 's1047 ');
INSERT INTO COMP3311STU004.ACTS (ROLE, CASTID, VIDEOID) VALUES ('acts ', '16 ', 's1046 ');
INSERT INTO COMP3311STU004.ACTS (ROLE, CASTID, VIDEOID) VALUES ('acts ', '17 ', 's1046 ');
INSERT INTO COMP3311STU004.ACTS (ROLE, CASTID, VIDEOID) VALUES ('acts ', '17 ', 's1047 ');
INSERT INTO COMP3311STU004.ACTS (ROLE, CASTID, VIDEOID) VALUES ('acts ', '18 ', 's1047 ');
INSERT INTO COMP3311STU004.ACTS (ROLE, CASTID, VIDEOID) VALUES ('acts ', '19 ', 's1048 ');
INSERT INTO COMP3311STU004.ACTS (ROLE, CASTID, VIDEOID) VALUES ('acts ', '2 ', 's1039 ');
INSERT INTO COMP3311STU004.ACTS (ROLE, CASTID, VIDEOID) VALUES ('acts ', '2 ', 's1040 ');
INSERT INTO COMP3311STU004.ACTS (ROLE, CASTID, VIDEOID) VALUES ('acts ', '2 ', 's1051 ');
INSERT INTO COMP3311STU004.ACTS (ROLE, CASTID, VIDEOID) VALUES ('acts ', '2 ', 's492 ');
INSERT INTO COMP3311STU004.ACTS (ROLE, CASTID, VIDEOID) VALUES ('acts ', '20 ', 's1048 ');
INSERT INTO COMP3311STU004.ACTS (ROLE, CASTID, VIDEOID) VALUES ('acts ', '21 ', 's1049 ');
INSERT INTO COMP3311STU004.ACTS (ROLE, CASTID, VIDEOID) VALUES ('acts ', '21 ', 's1050 ');
INSERT INTO COMP3311STU004.ACTS (ROLE, CASTID, VIDEOID) VALUES ('acts ', '22 ', 's1049 ');
INSERT INTO COMP3311STU004.ACTS (ROLE, CASTID, VIDEOID) VALUES ('acts ', '22 ', 's1050 ');
INSERT INTO COMP3311STU004.ACTS (ROLE, CASTID, VIDEOID) VALUES ('acts ', '22 ', 's492 ');
INSERT INTO COMP3311STU004.ACTS (ROLE, CASTID, VIDEOID) VALUES ('acts ', '23 ', 's1052 ');
INSERT INTO COMP3311STU004.ACTS (ROLE, CASTID, VIDEOID) VALUES ('acts ', '23 ', 's1053 ');
INSERT INTO COMP3311STU004.ACTS (ROLE, CASTID, VIDEOID) VALUES ('acts ', '24 ', 's1052 ');
INSERT INTO COMP3311STU004.ACTS (ROLE, CASTID, VIDEOID) VALUES ('acts ', '24 ', 's1053 ');
INSERT INTO COMP3311STU004.ACTS (ROLE, CASTID, VIDEOID) VALUES ('acts ', '24 ', 's686 ');
INSERT INTO COMP3311STU004.ACTS (ROLE, CASTID, VIDEOID) VALUES ('acts ', '25 ', 's1052 ');
INSERT INTO COMP3311STU004.ACTS (ROLE, CASTID, VIDEOID) VALUES ('acts ', '25 ', 's1053 ');
INSERT INTO COMP3311STU004.ACTS (ROLE, CASTID, VIDEOID) VALUES ('acts ', '26 ', 's1054001');
INSERT INTO COMP3311STU004.ACTS (ROLE, CASTID, VIDEOID) VALUES ('acts ', '26 ', 's1054002');
INSERT INTO COMP3311STU004.ACTS (ROLE, CASTID, VIDEOID) VALUES ('acts ', '26 ', 's1054003');
INSERT INTO COMP3311STU004.ACTS (ROLE, CASTID, VIDEOID) VALUES ('acts ', '26 ', 's1054004');
INSERT INTO COMP3311STU004.ACTS (ROLE, CASTID, VIDEOID) VALUES ('acts ', '26 ', 's1054005');
INSERT INTO COMP3311STU004.ACTS (ROLE, CASTID, VIDEOID) VALUES ('acts ', '26 ', 's1054006');
INSERT INTO COMP3311STU004.ACTS (ROLE, CASTID, VIDEOID) VALUES ('acts ', '26 ', 's1054007');
INSERT INTO COMP3311STU004.ACTS (ROLE, CASTID, VIDEOID) VALUES ('acts ', '26 ', 's1054008');
INSERT INTO COMP3311STU004.ACTS (ROLE, CASTID, VIDEOID) VALUES ('acts ', '26 ', 's1054009');
INSERT INTO COMP3311STU004.ACTS (ROLE, CASTID, VIDEOID) VALUES ('acts ', '26 ', 's1054010');
INSERT INTO COMP3311STU004.ACTS (ROLE, CASTID, VIDEOID) VALUES ('acts ', '26 ', 's1054011');
INSERT INTO COMP3311STU004.ACTS (ROLE, CASTID, VIDEOID) VALUES ('acts ', '26 ', 's1054012');
INSERT INTO COMP3311STU004.ACTS (ROLE, CASTID, VIDEOID) VALUES ('acts ', '26 ', 's1054013');
INSERT INTO COMP3311STU004.ACTS (ROLE, CASTID, VIDEOID) VALUES ('acts ', '26 ', 's1054014');
INSERT INTO COMP3311STU004.ACTS (ROLE, CASTID, VIDEOID) VALUES ('acts ', '26 ', 's1054015');
INSERT INTO COMP3311STU004.ACTS (ROLE, CASTID, VIDEOID) VALUES ('acts ', '26 ', 's1054016');
INSERT INTO COMP3311STU004.ACTS (ROLE, CASTID, VIDEOID) VALUES ('acts ', '26 ', 's1054017');
INSERT INTO COMP3311STU004.ACTS (ROLE, CASTID, VIDEOID) VALUES ('acts ', '26 ', 's1054018');
INSERT INTO COMP3311STU004.ACTS (ROLE, CASTID, VIDEOID) VALUES ('acts ', '26 ', 's1054019');
INSERT INTO COMP3311STU004.ACTS (ROLE, CASTID, VIDEOID) VALUES ('acts ', '26 ', 's1054020');
INSERT INTO COMP3311STU004.ACTS (ROLE, CASTID, VIDEOID) VALUES ('acts ', '27 ', 's1054001');
INSERT INTO COMP3311STU004.ACTS (ROLE, CASTID, VIDEOID) VALUES ('acts ', '27 ', 's1054002');
INSERT INTO COMP3311STU004.ACTS (ROLE, CASTID, VIDEOID) VALUES ('acts ', '27 ', 's1054003');
INSERT INTO COMP3311STU004.ACTS (ROLE, CASTID, VIDEOID) VALUES ('acts ', '27 ', 's1054004');
INSERT INTO COMP3311STU004.ACTS (ROLE, CASTID, VIDEOID) VALUES ('acts ', '27 ', 's1054005');
INSERT INTO COMP3311STU004.ACTS (ROLE, CASTID, VIDEOID) VALUES ('acts ', '27 ', 's1054006');
INSERT INTO COMP3311STU004.ACTS (ROLE, CASTID, VIDEOID) VALUES ('acts ', '27 ', 's1054007');
INSERT INTO COMP3311STU004.ACTS (ROLE, CASTID, VIDEOID) VALUES ('acts ', '27 ', 's1054008');
INSERT INTO COMP3311STU004.ACTS (ROLE, CASTID, VIDEOID) VALUES ('acts ', '27 ', 's1054009');
INSERT INTO COMP3311STU004.ACTS (ROLE, CASTID, VIDEOID) VALUES ('acts ', '27 ', 's1054010');
INSERT INTO COMP3311STU004.ACTS (ROLE, CASTID, VIDEOID) VALUES ('acts ', '27 ', 's1054011');
INSERT INTO COMP3311STU004.ACTS (ROLE, CASTID, VIDEOID) VALUES ('acts ', '27 ', 's1054012');
INSERT INTO COMP3311STU004.ACTS (ROLE, CASTID, VIDEOID) VALUES ('acts ', '27 ', 's1054013');
INSERT INTO COMP3311STU004.ACTS (ROLE, CASTID, VIDEOID) VALUES ('acts ', '27 ', 's1054014');
INSERT INTO COMP3311STU004.ACTS (ROLE, CASTID, VIDEOID) VALUES ('acts ', '27 ', 's1054015');
INSERT INTO COMP3311STU004.ACTS (ROLE, CASTID, VIDEOID) VALUES ('acts ', '27 ', 's1054016');
INSERT INTO COMP3311STU004.ACTS (ROLE, CASTID, VIDEOID) VALUES ('acts ', '27 ', 's1054017');
INSERT INTO COMP3311STU004.ACTS (ROLE, CASTID, VIDEOID) VALUES ('acts ', '27 ', 's1054018');
INSERT INTO COMP3311STU004.ACTS (ROLE, CASTID, VIDEOID) VALUES ('acts ', '27 ', 's1054019');
INSERT INTO COMP3311STU004.ACTS (ROLE, CASTID, VIDEOID) VALUES ('acts ', '27 ', 's1054020');
INSERT INTO COMP3311STU004.ACTS (ROLE, CASTID, VIDEOID) VALUES ('acts ', '28 ', 's1054001');
INSERT INTO COMP3311STU004.ACTS (ROLE, CASTID, VIDEOID) VALUES ('acts ', '28 ', 's1054002');
INSERT INTO COMP3311STU004.ACTS (ROLE, CASTID, VIDEOID) VALUES ('acts ', '28 ', 's1054003');
INSERT INTO COMP3311STU004.ACTS (ROLE, CASTID, VIDEOID) VALUES ('acts ', '28 ', 's1054004');
INSERT INTO COMP3311STU004.ACTS (ROLE, CASTID, VIDEOID) VALUES ('acts ', '28 ', 's1054005');
INSERT INTO COMP3311STU004.ACTS (ROLE, CASTID, VIDEOID) VALUES ('acts ', '28 ', 's1054006');
INSERT INTO COMP3311STU004.ACTS (ROLE, CASTID, VIDEOID) VALUES ('acts ', '28 ', 's1054007');
INSERT INTO COMP3311STU004.ACTS (ROLE, CASTID, VIDEOID) VALUES ('acts ', '28 ', 's1054008');
INSERT INTO COMP3311STU004.ACTS (ROLE, CASTID, VIDEOID) VALUES ('acts ', '28 ', 's1054009');
INSERT INTO COMP3311STU004.ACTS (ROLE, CASTID, VIDEOID) VALUES ('acts ', '28 ', 's1054010');
INSERT INTO COMP3311STU004.ACTS (ROLE, CASTID, VIDEOID) VALUES ('acts ', '28 ', 's1054011');
INSERT INTO COMP3311STU004.ACTS (ROLE, CASTID, VIDEOID) VALUES ('acts ', '28 ', 's1054012');
INSERT INTO COMP3311STU004.ACTS (ROLE, CASTID, VIDEOID) VALUES ('acts ', '28 ', 's1054013');
INSERT INTO COMP3311STU004.ACTS (ROLE, CASTID, VIDEOID) VALUES ('acts ', '28 ', 's1054014');
INSERT INTO COMP3311STU004.ACTS (ROLE, CASTID, VIDEOID) VALUES ('acts ', '28 ', 's1054015');
INSERT INTO COMP3311STU004.ACTS (ROLE, CASTID, VIDEOID) VALUES ('acts ', '28 ', 's1054016');
INSERT INTO COMP3311STU004.ACTS (ROLE, CASTID, VIDEOID) VALUES ('acts ', '28 ', 's1054017');
INSERT INTO COMP3311STU004.ACTS (ROLE, CASTID, VIDEOID) VALUES ('acts ', '28 ', 's1054018');
INSERT INTO COMP3311STU004.ACTS (ROLE, CASTID, VIDEOID) VALUES ('acts ', '28 ', 's1054019');
INSERT INTO COMP3311STU004.ACTS (ROLE, CASTID, VIDEOID) VALUES ('acts ', '28 ', 's1054020');
INSERT INTO COMP3311STU004.ACTS (ROLE, CASTID, VIDEOID) VALUES ('acts ', '29 ', 's1055001');
INSERT INTO COMP3311STU004.ACTS (ROLE, CASTID, VIDEOID) VALUES ('acts ', '29 ', 's1055002');
INSERT INTO COMP3311STU004.ACTS (ROLE, CASTID, VIDEOID) VALUES ('acts ', '29 ', 's1055003');
INSERT INTO COMP3311STU004.ACTS (ROLE, CASTID, VIDEOID) VALUES ('acts ', '29 ', 's1055004');
INSERT INTO COMP3311STU004.ACTS (ROLE, CASTID, VIDEOID) VALUES ('acts ', '29 ', 's1055005');
INSERT INTO COMP3311STU004.ACTS (ROLE, CASTID, VIDEOID) VALUES ('acts ', '29 ', 's1055006');
INSERT INTO COMP3311STU004.ACTS (ROLE, CASTID, VIDEOID) VALUES ('acts ', '29 ', 's1055007');
INSERT INTO COMP3311STU004.ACTS (ROLE, CASTID, VIDEOID) VALUES ('acts ', '29 ', 's1055008');
INSERT INTO COMP3311STU004.ACTS (ROLE, CASTID, VIDEOID) VALUES ('acts ', '29 ', 's1055009');
INSERT INTO COMP3311STU004.ACTS (ROLE, CASTID, VIDEOID) VALUES ('acts ', '29 ', 's1055010');
INSERT INTO COMP3311STU004.ACTS (ROLE, CASTID, VIDEOID) VALUES ('acts ', '3 ', 's1039 ');
INSERT INTO COMP3311STU004.ACTS (ROLE, CASTID, VIDEOID) VALUES ('acts ', '3 ', 's1040 ');
INSERT INTO COMP3311STU004.ACTS (ROLE, CASTID, VIDEOID) VALUES ('acts ', '3 ', 's1041 ');
INSERT INTO COMP3311STU004.ACTS (ROLE, CASTID, VIDEOID) VALUES ('acts ', '3 ', 's1042 ');
INSERT INTO COMP3311STU004.ACTS (ROLE, CASTID, VIDEOID) VALUES ('acts ', '3 ', 's1043 ');
INSERT INTO COMP3311STU004.ACTS (ROLE, CASTID, VIDEOID) VALUES ('acts ', '3 ', 's1051 ');
INSERT INTO COMP3311STU004.ACTS (ROLE, CASTID, VIDEOID) VALUES ('acts ', '3 ', 's492 ');
INSERT INTO COMP3311STU004.ACTS (ROLE, CASTID, VIDEOID) VALUES ('acts ', '30 ', 's1055001');
INSERT INTO COMP3311STU004.ACTS (ROLE, CASTID, VIDEOID) VALUES ('acts ', '30 ', 's1055002');
INSERT INTO COMP3311STU004.ACTS (ROLE, CASTID, VIDEOID) VALUES ('acts ', '30 ', 's1055003');
INSERT INTO COMP3311STU004.ACTS (ROLE, CASTID, VIDEOID) VALUES ('acts ', '30 ', 's1055004');
INSERT INTO COMP3311STU004.ACTS (ROLE, CASTID, VIDEOID) VALUES ('acts ', '30 ', 's1055005');
INSERT INTO COMP3311STU004.ACTS (ROLE, CASTID, VIDEOID) VALUES ('acts ', '30 ', 's1055006');
INSERT INTO COMP3311STU004.ACTS (ROLE, CASTID, VIDEOID) VALUES ('acts ', '30 ', 's1055007');
INSERT INTO COMP3311STU004.ACTS (ROLE, CASTID, VIDEOID) VALUES ('acts ', '30 ', 's1055008');
INSERT INTO COMP3311STU004.ACTS (ROLE, CASTID, VIDEOID) VALUES ('acts ', '30 ', 's1055009');
INSERT INTO COMP3311STU004.ACTS (ROLE, CASTID, VIDEOID) VALUES ('acts ', '30 ', 's1055010');
INSERT INTO COMP3311STU004.ACTS (ROLE, CASTID, VIDEOID) VALUES ('acts ', '31 ', 's1055001');
INSERT INTO COMP3311STU004.ACTS (ROLE, CASTID, VIDEOID) VALUES ('acts ', '31 ', 's1055002');
INSERT INTO COMP3311STU004.ACTS (ROLE, CASTID, VIDEOID) VALUES ('acts ', '31 ', 's1055003');
INSERT INTO COMP3311STU004.ACTS (ROLE, CASTID, VIDEOID) VALUES ('acts ', '31 ', 's1055004');
INSERT INTO COMP3311STU004.ACTS (ROLE, CASTID, VIDEOID) VALUES ('acts ', '31 ', 's1055005');
INSERT INTO COMP3311STU004.ACTS (ROLE, CASTID, VIDEOID) VALUES ('acts ', '31 ', 's1055006');
INSERT INTO COMP3311STU004.ACTS (ROLE, CASTID, VIDEOID) VALUES ('acts ', '31 ', 's1055007');
INSERT INTO COMP3311STU004.ACTS (ROLE, CASTID, VIDEOID) VALUES ('acts ', '31 ', 's1055008');
INSERT INTO COMP3311STU004.ACTS (ROLE, CASTID, VIDEOID) VALUES ('acts ', '31 ', 's1055009');
INSERT INTO COMP3311STU004.ACTS (ROLE, CASTID, VIDEOID) VALUES ('acts ', '31 ', 's1055010');
INSERT INTO COMP3311STU004.ACTS (ROLE, CASTID, VIDEOID) VALUES ('acts ', '4 ', 's1039 ');
INSERT INTO COMP3311STU004.ACTS (ROLE, CASTID, VIDEOID) VALUES ('acts ', '4 ', 's1040 ');
INSERT INTO COMP3311STU004.ACTS (ROLE, CASTID, VIDEOID) VALUES ('acts ', '4 ', 's1041 ');
INSERT INTO COMP3311STU004.ACTS (ROLE, CASTID, VIDEOID) VALUES ('acts ', '4 ', 's1043 ');
INSERT INTO COMP3311STU004.ACTS (ROLE, CASTID, VIDEOID) VALUES ('acts ', '4 ', 's1049 ');
INSERT INTO COMP3311STU004.ACTS (ROLE, CASTID, VIDEOID) VALUES ('acts ', '4 ', 's1051 ');
INSERT INTO COMP3311STU004.ACTS (ROLE, CASTID, VIDEOID) VALUES ('acts ', '4 ', 's492 ');
INSERT INTO COMP3311STU004.ACTS (ROLE, CASTID, VIDEOID) VALUES ('acts ', '46 ', 's1035 ');
INSERT INTO COMP3311STU004.ACTS (ROLE, CASTID, VIDEOID) VALUES ('acts ', '47 ', 's1035 ');
INSERT INTO COMP3311STU004.ACTS (ROLE, CASTID, VIDEOID) VALUES ('acts ', '48 ', 's1035 ');
INSERT INTO COMP3311STU004.ACTS (ROLE, CASTID, VIDEOID) VALUES ('acts ', '49 ', 's1036 ');
INSERT INTO COMP3311STU004.ACTS (ROLE, CASTID, VIDEOID) VALUES ('acts ', '5 ', 's1039 ');
INSERT INTO COMP3311STU004.ACTS (ROLE, CASTID, VIDEOID) VALUES ('acts ', '5 ', 's1040 ');
INSERT INTO COMP3311STU004.ACTS (ROLE, CASTID, VIDEOID) VALUES ('acts ', '5 ', 's1051 ');
INSERT INTO COMP3311STU004.ACTS (ROLE, CASTID, VIDEOID) VALUES ('acts ', '50 ', 's1036 ');
INSERT INTO COMP3311STU004.ACTS (ROLE, CASTID, VIDEOID) VALUES ('acts ', '51 ', 's1036 ');
INSERT INTO COMP3311STU004.ACTS (ROLE, CASTID, VIDEOID) VALUES ('acts ', '52 ', 's1038 ');
INSERT INTO COMP3311STU004.ACTS (ROLE, CASTID, VIDEOID) VALUES ('acts ', '53 ', 's1038 ');
INSERT INTO COMP3311STU004.ACTS (ROLE, CASTID, VIDEOID) VALUES ('acts ', '54 ', 's1038 ');
INSERT INTO COMP3311STU004.ACTS (ROLE, CASTID, VIDEOID) VALUES ('acts ', '55 ', 's610 ');
INSERT INTO COMP3311STU004.ACTS (ROLE, CASTID, VIDEOID) VALUES ('acts ', '56 ', 's610 ');
INSERT INTO COMP3311STU004.ACTS (ROLE, CASTID, VIDEOID) VALUES ('acts ', '57 ', 's610 ');
INSERT INTO COMP3311STU004.ACTS (ROLE, CASTID, VIDEOID) VALUES ('acts ', '58 ', 's686 ');
INSERT INTO COMP3311STU004.ACTS (ROLE, CASTID, VIDEOID) VALUES ('acts ', '6 ', 's1041 ');
INSERT INTO COMP3311STU004.ACTS (ROLE, CASTID, VIDEOID) VALUES ('acts ', '6 ', 's1042 ');
INSERT INTO COMP3311STU004.ACTS (ROLE, CASTID, VIDEOID) VALUES ('acts ', '6 ', 's1043 ');
INSERT INTO COMP3311STU004.ACTS (ROLE, CASTID, VIDEOID) VALUES ('acts ', '7 ', 's1042 ');
INSERT INTO COMP3311STU004.ACTS (ROLE, CASTID, VIDEOID) VALUES ('acts ', '8 ', 's1042 ');
INSERT INTO COMP3311STU004.ACTS (ROLE, CASTID, VIDEOID) VALUES ('acts ', '9 ', 's1044 ');
INSERT INTO COMP3311STU004.WATCHES (USERNAME, VIDEOID, TIMESTAMPS) VALUES ('jaychou', 's1039 ', 143.00);
INSERT INTO COMP3311STU004.WATCHES (USERNAME, VIDEOID, TIMESTAMPS) VALUES ('jaychou', 's1040 ', 183.00);
INSERT INTO COMP3311STU004.WATCHES (USERNAME, VIDEOID, TIMESTAMPS) VALUES ('jaychou', 's1041 ', 150.00);
INSERT INTO COMP3311STU004.WATCHES (USERNAME, VIDEOID, TIMESTAMPS) VALUES ('jaychou', 's1042 ', 126.00);
INSERT INTO COMP3311STU004.WATCHES (USERNAME, VIDEOID, TIMESTAMPS) VALUES ('jaychou', 's1043 ', 138.00);
INSERT INTO COMP3311STU004.WATCHES (USERNAME, VIDEOID, TIMESTAMPS) VALUES ('jaychou', 's1044 ', 126.00);
INSERT INTO COMP3311STU004.WATCHES (USERNAME, VIDEOID, TIMESTAMPS) VALUES ('jaychou', 's1045 ', 116.00);
INSERT INTO COMP3311STU004.WATCHES (USERNAME, VIDEOID, TIMESTAMPS) VALUES ('jaychou', 's1046 ', 122.00);
INSERT INTO COMP3311STU004.WATCHES (USERNAME, VIDEOID, TIMESTAMPS) VALUES ('jaychou', 's1047 ', 137.00);
INSERT INTO COMP3311STU004.WATCHES (USERNAME, VIDEOID, TIMESTAMPS) VALUES ('jaychou', 's1048 ', 127.00);
INSERT INTO COMP3311STU004.WATCHES (USERNAME, VIDEOID, TIMESTAMPS) VALUES ('jaychou', 's1049 ', 125.00);
INSERT INTO COMP3311STU004.WATCHES (USERNAME, VIDEOID, TIMESTAMPS) VALUES ('jaychou', 's1050 ', 132.00);
INSERT INTO COMP3311STU004.WATCHES (USERNAME, VIDEOID, TIMESTAMPS) VALUES ('jaychou', 's1051 ', 145.00);
INSERT INTO COMP3311STU004.WATCHES (USERNAME, VIDEOID, TIMESTAMPS) VALUES ('jaychou', 's1052 ', 116.00);
INSERT INTO COMP3311STU004.WATCHES (USERNAME, VIDEOID, TIMESTAMPS) VALUES ('jaychou', 's1053 ', 114.00);
INSERT INTO COMP3311STU004.WATCHES (USERNAME, VIDEOID, TIMESTAMPS) VALUES ('jaychou', 's1035 ', 80.00);
INSERT INTO COMP3311STU004.WATCHES (USERNAME, VIDEOID, TIMESTAMPS) VALUES ('jaychou', 's1036 ', 43.00);
INSERT INTO COMP3311STU004.WATCHES (USERNAME, VIDEOID, TIMESTAMPS) VALUES ('jaychou', 's1038 ', 119.00);
INSERT INTO COMP3311STU004.WATCHES (USERNAME, VIDEOID, TIMESTAMPS) VALUES ('jaychou', 's492 ', 152.00);
INSERT INTO COMP3311STU004.WATCHES (USERNAME, VIDEOID, TIMESTAMPS) VALUES ('jaychou', 's610 ', 137.00);
INSERT INTO COMP3311STU004.WATCHES (USERNAME, VIDEOID, TIMESTAMPS) VALUES ('jaychou', 's686 ', 132.00);
INSERT INTO COMP3311STU004.WATCHES (USERNAME, VIDEOID, TIMESTAMPS) VALUES ('athonyhopkins', 's1039 ', 43.00);
INSERT INTO COMP3311STU004.WATCHES (USERNAME, VIDEOID, TIMESTAMPS) VALUES ('athonyhopkins', 's1040 ', 53.00);
INSERT INTO COMP3311STU004.WATCHES (USERNAME, VIDEOID, TIMESTAMPS) VALUES ('paulnicklen', 's1041 ', 150.00);
INSERT INTO COMP3311STU004.WATCHES (USERNAME, VIDEOID, TIMESTAMPS) VALUES ('paulnicklen', 's1042 ', 126.00);
INSERT INTO COMP3311STU004.WATCHES (USERNAME, VIDEOID, TIMESTAMPS) VALUES ('paulnicklen', 's1043 ', 138.00);
INSERT INTO COMP3311STU004.WATCHES (USERNAME, VIDEOID, TIMESTAMPS) VALUES ('paulnicklen', 's1052 ', 116.00);
INSERT INTO COMP3311STU004.WATCHES (USERNAME, VIDEOID, TIMESTAMPS) VALUES ('paulnicklen', 's1053 ', 114.00);
INSERT INTO COMP3311STU004.WATCHES (USERNAME, VIDEOID, TIMESTAMPS) VALUES ('andrewlloydwebber', 's1035 ', 80.00);
INSERT INTO COMP3311STU004.WATCHES (USERNAME, VIDEOID, TIMESTAMPS) VALUES ('mondo_duplantis', 's1050 ', 132.00);
INSERT INTO COMP3311STU004.WATCHES (USERNAME, VIDEOID, TIMESTAMPS) VALUES ('mondo_duplantis', 's1051 ', 145.00);
INSERT INTO COMP3311STU004.WATCHES (USERNAME, VIDEOID, TIMESTAMPS) VALUES ('mondo_duplantis', 's1052 ', 116.00);
INSERT INTO COMP3311STU004.WATCHES (USERNAME, VIDEOID, TIMESTAMPS) VALUES ('mondo_duplantis', 's1053 ', 114.00);
INSERT INTO COMP3311STU004.WATCHES (USERNAME, VIDEOID, TIMESTAMPS) VALUES ('mondo_duplantis', 's1035 ', 80.00);
INSERT INTO COMP3311STU004.WATCHES (USERNAME, VIDEOID, TIMESTAMPS) VALUES ('mondo_duplantis', 's1036 ', 43.00);
INSERT INTO COMP3311STU004.WATCHES (USERNAME, VIDEOID, TIMESTAMPS) VALUES ('mondo_duplantis', 's1038 ', 119.00);
INSERT INTO COMP3311STU004.WATCHES (USERNAME, VIDEOID, TIMESTAMPS) VALUES ('mondo_duplantis', 's492 ', 152.00);
INSERT INTO COMP3311STU004.WATCHES (USERNAME, VIDEOID, TIMESTAMPS) VALUES ('mondo_duplantis', 's610 ', 137.00);
INSERT INTO COMP3311STU004.WATCHES (USERNAME, VIDEOID, TIMESTAMPS) VALUES ('mondo_duplantis', 's686 ', 132.00);
INSERT INTO COMP3311STU004.FREE (USERNAME) VALUES ('athonyhopkins');
INSERT INTO COMP3311STU004.FREE (USERNAME) VALUES ('mondo_duplantis');
INSERT INTO COMP3311STU004.FREE (USERNAME) VALUES ('paulpogba');
INSERT INTO COMP3311STU004.PREMIUM (USERNAME) VALUES ('andrewlloydwebber');
INSERT INTO COMP3311STU004.PREMIUM (USERNAME) VALUES ('jaychou');
INSERT INTO COMP3311STU004.PREMIUM (USERNAME) VALUES ('paulnicklen');
INSERT INTO COMP3311STU004.PREMIUM (USERNAME) VALUES ('zhouguanyu24');
INSERT INTO COMP3311STU004.FRIENDS (USERNAME1, USERNAME2) VALUES ('zhouguanyu24', 'jaychou');
INSERT INTO COMP3311STU004.PLAYLIST (USERNAME, PLAYLISTNAME, VIDEOID) VALUES ('andrewlloydwebber', 'marvel1', 's1042 ');
INSERT INTO COMP3311STU004.PLAYLIST (USERNAME, PLAYLISTNAME, VIDEOID) VALUES ('jaychou', 'marvel1', 's1052 ');
INSERT INTO COMP3311STU004.PLAYLIST (USERNAME, PLAYLISTNAME, VIDEOID) VALUES ('jaychou', 'marvel2', 's1043 ');
INSERT INTO COMP3311STU004.PLAYLIST (USERNAME, PLAYLISTNAME, VIDEOID) VALUES ('paulnicklen', 'marvel1', 's1039 ');
INSERT INTO COMP3311STU004.PLAYLIST (USERNAME, PLAYLISTNAME, VIDEOID) VALUES ('paulnicklen', 'marvel2', 's1040 ');
INSERT INTO COMP3311STU004.PLAYLIST (USERNAME, PLAYLISTNAME, VIDEOID) VALUES ('paulnicklen', 'marvel3', 's1041 ');